name,mail,address,phone
GARAGE NHB AUTOMOBILES,https://www.allogarage.fr//garages/details-garage-GARAGE-NHB-AUTOMOBILES-42199.html,"4 Ter Rue du Plessis, 44860 Pont-Saint-Martin",09 83 57 00 48
Garage des Hauts Pavés,https://www.allogarage.fr//garages/details-garage-Garage-des-Hauts-Paves-21451.html,"68, Rue des Hauts Pavés, 44000 Nantes",02 40 74 84 23
Versailles 44 / Garage L. THIBAUD,https://www.allogarage.fr//garages/details-garage-Versailles-44-Garage-L-THIBAUD-22710.html,"33 Quai de Versailles, 44000 Nantes",02 40 20 33 29
Carrosserie Landron,https://www.allogarage.fr//garages/details-garage-Carrosserie-Landron-21453.html,"2 Rue Georges le Mevel, 44200 Nantes",02 40 75 50 89
GARAGE DE LA BEAUJOIRE,https://www.allogarage.fr//garages/details-garage-GARAGE-DE-LA-BEAUJOIRE-10586.html,"56, Route de Carquefou, 44300 Nantes",02 40 30 04 04
GARAGE LOUIS XVI,https://www.allogarage.fr//garages/details-garage-GARAGE-LOUIS-XVI-10574.html,"114 Rue de l'Etier, 44300 Nantes",02 40 29 15 15
Garage Mr Embrayage EURL Martinache,https://www.allogarage.fr//garages/details-garage-Garage-Mr-Embrayage-EURL-Martinache-18671.html,"39, Boulevard des Anglais, 44100 Nantes",02 40 16 22 16
FEU VERT NANTES PARIDIS,https://www.allogarage.fr//garages/details-garage-FEU-VERT-NANTES-PARIDIS-12518.html,"Rue Perray, 44300 Nantes",08 21 04 50 36
MAHE,https://www.allogarage.fr//garages/details-garage-MAHE-18686.html,"31, Quai de Versailles, 44000 Nantes",02 40 20 40 47
GARAGE DE L'ABBAYE,https://www.allogarage.fr//garages/details-garage-GARAGE-DE-L-ABBAYE-10581.html,"4, Rue Chaptal, 44100 Nantes",02 40 73 75 75
GARAGE LAENNEC,https://www.allogarage.fr//garages/details-garage-GARAGE-LAENNEC-10577.html,"14, Rue Laennec, 44000 Nantes",02 51 72 24 05
Carrosserie Guillemot,https://www.allogarage.fr//garages/details-garage-Carrosserie-Guillemot-26450.html,"19 Rue Jenner, 44100 Nantes",02 40 73 54 31
GARAGE REPUBLIQUE,https://www.allogarage.fr//garages/details-garage-GARAGE-REPUBLIQUE-10580.html,"12, Rue de La Tour d'Auvergne, 44200 Nantes",02 40 47 84 06
Waldeck Auto,https://www.allogarage.fr//garages/details-garage-Waldeck-Auto-21452.html,"86, Rue Desaix, 44000 Nantes",02 40 74 67 98
AUTOSERVICE BOUCARD,https://www.allogarage.fr//garages/details-garage-AUTOSERVICE-BOUCARD-13630.html,"1 Bis Rue de la Brasserie, 44100 Nantes",02 40 71 76 64
SPEEDY Nantes la Durantière,https://www.allogarage.fr//garages/details-garage-SPEEDY-Nantes-la-Durantiere-15571.html,"99, Rue de la Durantière, 44100 Nantes",02 40 95 19 95
SARL Guittot,https://www.allogarage.fr//garages/details-garage-SARL-Guittot-22360.html,"Place d'Oradour-sur-Glane, 44100 Nantes",02 40 46 42 15
SPEEDY Nantes Bd des Poilus,https://www.allogarage.fr//garages/details-garage-SPEEDY-Nantes-Bd-des-Poilus-15570.html,"161, Boulevard des Poilus, 44300 Nantes",02 40 49 53 39
PROFIL+ Groupe SIMON PNEUS,https://www.allogarage.fr//garages/details-garage-PROFIL-Groupe-SIMON-PNEUS-18698.html,"83, Route de Paris, 44300 Nantes",02 40 52 57 57
SARL S.E.P.A GARAGE VIARME,https://www.allogarage.fr//garages/details-garage-SARL-SEPA-GARAGE-VIARME-10575.html,"42 Bis, Rue des Hauts Pavés, 44000 Nantes",02 40 47 66 40
GARAGE SAINT FELIX,https://www.allogarage.fr//garages/details-garage-GARAGE-SAINT-FELIX-1450.html,"13, Rue de l'Ouche de Versailles, 44000 Nantes",02 40 74 04 22
AUTOMOBILE JULES VERNE,https://www.allogarage.fr//garages/details-garage-AUTOMOBILE-JULES-VERNE-18624.html,"163 Bis, Boulevard Jules Verne, 44300 Nantes",02 40 49 01 05
Garage de la Bastille,https://www.allogarage.fr//garages/details-garage-Garage-de-la-Bastille-23086.html,"13 Rue de la Bastille, 44000 Nantes",02 40 20 28 42
GARAGE DES CHALATRES,https://www.allogarage.fr//garages/details-garage-GARAGE-DES-CHALATRES-29182.html,"63 Rue de la Ville en Pierre, 44000 Nantes",02 40 50 36 82
GARAGE LIZE,https://www.allogarage.fr//garages/details-garage-GARAGE-LIZE-19590.html,"130 Boulevard Jules Verne, 44300 Nantes",02 40 49 89 26
SPEEDY Nantes Bd des Martyrs,https://www.allogarage.fr//garages/details-garage-SPEEDY-Nantes-Bd-des-Martyrs-15590.html,"10, Boulevard des Martyrs Nantais de la Résistance, 44200 Nantes",02 40 89 68 48
GARAGE DE LA CONVENTION,https://www.allogarage.fr//garages/details-garage-GARAGE-DE-LA-CONVENTION-18687.html,"46 Bis, Rue de la Convention, 44100 Nantes",02 40 58 55 15
SARL GARAGE BLANDIN ,https://www.allogarage.fr//garages/details-garage-SARL-GARAGE-BLANDIN-22350.html,"6 Route de Sainte-Luce, 44300 Nantes",02 40 49 36 36
GARAGE CHANTENAY,https://www.allogarage.fr//garages/details-garage-GARAGE-CHANTENAY-41145.html,"50 Rue de la Bourdonnais, 44100 Nantes",06 73 58 56 53
SPEEDY Nantes Bellamy,https://www.allogarage.fr//garages/details-garage-SPEEDY-Nantes-Bellamy-15569.html,"223, Rue Paul Bellamy, 44000 Nantes",02 51 77 79 91
GARAGE N. LEDUC,https://www.allogarage.fr//garages/details-garage-GARAGE-N-LEDUC-39258.html,"16 Rue Eugénie Cotton, 44300 Nantes",02 40 30 16 73
GARAGE PIRMIL,https://www.allogarage.fr//garages/details-garage-GARAGE-PIRMIL-10579.html,"67, Boulevard Victor Hugo, 44200 Nantes",02 40 35 48 80
Centre Auto Matic Nantes,https://www.allogarage.fr//garages/details-garage-Centre-Auto-Matic-Nantes-18700.html,"4 Rue du Bois Briand, 44300 Nantes",02 40 50 39 98
GARAGE ZOLA,https://www.allogarage.fr//garages/details-garage-GARAGE-ZOLA-10583.html,"123, Boulevard de l'Egalité, 44100 Nantes",02 40 46 45 43
GARAGE DE LA MORRHONNIERE,https://www.allogarage.fr//garages/details-garage-GARAGE-DE-LA-MORRHONNIERE-16077.html,"11 Boulevard du Petit Port, 44300 Nantes",02 40 74 16 38
Carrosserie Nantaise,https://www.allogarage.fr//garages/details-garage-Carrosserie-Nantaise-18077.html,"32 Boulevard de la Beaujoire, 44300 Nantes",02 40 30 07 33
GARAGE SAINT JOSEPH - EURL BAUDRY,https://www.allogarage.fr//garages/details-garage-GARAGE-SAINT-JOSEPH-EURL-BAUDRY-29183.html,"77 Bis Route de Saint-Joseph, 44300 Nantes",02 40 49 72 83
GARAGE CHETANEAU,https://www.allogarage.fr//garages/details-garage-GARAGE-CHETANEAU-17138.html,"38, Rue des Fromenteaux, 44200 Nantes",02 40 34 37 47
PSA Retail Nant'Est,https://www.allogarage.fr//garages/details-garage-PSA-Retail-Nant-Est-5714.html,"40, Rue de Monaco, 44300 Nantes",02 40 18 41 51
CITROËN RETAIL NANTES-EST,https://www.allogarage.fr//garages/details-garage-CITROEN-RETAIL-NANTES-EST-1467.html,"215, Boulevard Jules Verne, 44300 Nantes",02 40 52 54 00
CARROSSERIE RICHARD,https://www.allogarage.fr//garages/details-garage-CARROSSERIE-RICHARD-24833.html,"22 Rue Pitre Chevalier, 44000 Nantes",02 40 74 07 44
BM AUTOMOBILES,https://www.allogarage.fr//garages/details-garage-BM-AUTOMOBILES-31058.html,"20 Chemin des Bateliers, 44300 Nantes",02 51 13 54 91
L'Atelier,https://www.allogarage.fr//garages/details-garage-L-Atelier-25456.html,"17, Rue Paul Bellamy, 44000 Nantes",02 40 20 02 48
Garage Auto 98,https://www.allogarage.fr//garages/details-garage-Garage-Auto-98-29377.html,"98 Boulevard de la Liberté, 44100 Nantes",02 40 46 49 83
GARAGE TALENSAC,https://www.allogarage.fr//garages/details-garage-GARAGE-TALENSAC-18689.html,"20, Rue Yves Bodiguel, 44000 Nantes",02 40 20 34 59
GARAGE ROCHER SARL,https://www.allogarage.fr//garages/details-garage-GARAGE-ROCHER-SARL-1451.html,"17, Boulevard Ernest Dalby, 44000 Nantes",02 40 50 29 91
GARAGE LIZE,https://www.allogarage.fr//garages/details-garage-GARAGE-LIZE-10585.html,"82, Rue du Landreau, 44300 Nantes",02 40 49 49 17
GARAGE RENNES LONGCHAMP,https://www.allogarage.fr//garages/details-garage-GARAGE-RENNES-LONGCHAMP-10584.html,"116, Rue Robert Schuman, 44300 Nantes",02 40 76 71 18
Mécanord,https://www.allogarage.fr//garages/details-garage-Mecanord-34230.html,"Rue Alfred de Vigny, 44300 Nantes",02 40 76 56 70
GARAGE TOUTES AIDES,https://www.allogarage.fr//garages/details-garage-GARAGE-TOUTES-AIDES-23569.html,"28 Rue Jules Ferry, 44300 Nantes",02 40 93 06 06
Speedy Nantes Beaujoire,https://www.allogarage.fr//garages/details-garage-Speedy-Nantes-Beaujoire-12517.html,"Centre Commercial La Beaujoire, 44329 Nantes",02 51 13 27 50
CENTRE DE GROS AUTOMOBILES,https://www.allogarage.fr//garages/details-garage-CENTRE-DE-GROS-AUTOMOBILES-1468.html,"14, Avenue du Marché Commun, 44300 Nantes",02 40 49 65 97
SPEEDY Nantes,https://www.allogarage.fr//garages/details-garage-SPEEDY-Nantes-41773.html,"49 Boulevard Ernest Dalby, 44000 Nantes",02 40 14 53 80
Carrosserie de la Janvraie ,https://www.allogarage.fr//garages/details-garage-Carrosserie-de-la-Janvraie-25962.html,"13 Boulevard du Bâtonnier Cholet, 44100 Nantes",02 40 43 19 06
Nantes Sud Automobiles,https://www.allogarage.fr//garages/details-garage-Nantes-Sud-Automobiles-22908.html,"1 Rue de Bruxelles, 44300 Nantes",02 51 89 42 63
DISTINXION PARIDIS,https://www.allogarage.fr//garages/details-garage-DISTINXION-PARIDIS-22739.html,"17 Route de Paris, 44300 Nantes",02 40 25 17 56
Carrosserie David,https://www.allogarage.fr//garages/details-garage-Carrosserie-David-22671.html,"8 Rue Paul Beaupère, 44300 Nantes",02 40 49 86 50
Carrosserie Hallebout ,https://www.allogarage.fr//garages/details-garage-Carrosserie-Hallebout-18694.html,"196, Route de Rennes, 44300 Nantes",02 40 76 68 29
GARAGE DE L'ABBAYE,https://www.allogarage.fr//garages/details-garage-GARAGE-DE-L-ABBAYE-18668.html,"19, Rue de Belleville, 44100 Nantes",02 40 69 62 20
EURL TRIBOT,https://www.allogarage.fr//garages/details-garage-EURL-TRIBOT-17136.html,"17, Rue Garibaldi, 44100 Nantes",02 40 43 04 23
Midas Nantes Tertre,https://www.allogarage.fr//garages/details-garage-Midas-Nantes-Tertre-15143.html,"7, Boulevard du Tertre, 44100 Nantes",02 40 43 34 34
Midas Nantes Schuman,https://www.allogarage.fr//garages/details-garage-Midas-Nantes-Schuman-15142.html,"10 Boulevard Robert Schuman, 44300 Nantes",02 40 40 24 03
APS NANTAIS,https://www.allogarage.fr//garages/details-garage-APS-NANTAIS-14954.html,"10, Quai Henri Barbusse, 44000 Nantes",02 40 74 05 69
GARAGE COPERNIC,https://www.allogarage.fr//garages/details-garage-GARAGE-COPERNIC-10578.html,"5, Rue Copernic, 44000 Nantes",02 40 73 34 04
